district,road_index,water_index,health_index,education_index,electricity_index
Prayagraj,48.5,52.0,61.2,64.5,70.0
Lucknow,78.2,74.5,82.0,85.1,88.4
Kanpur Nagar,62.0,58.4,69.0,71.2,76.5
Varanasi,55.4,63.1,66.8,69.0,74.2
Gorakhpur,42.1,49.8,54.2,58.0,62.5
Agra,66.4,59.0,68.5,70.1,75.0
Bareilly,51.2,55.0,58.4,60.2,65.8
Meerut,71.0,68.2,74.0,76.5,81.0
Ghaziabad,75.4,71.0,77.8,80.0,84.2
Aligarh,53.0,54.2,59.1,62.0,67.3
Moradabad,49.8,51.0,56.0,59.4,64.0
Jhansi,44.2,38.5,52.1,57.0,60.1
Ayodhya,58.0,62.4,65.0,67.8,72.0
Mathura,59.5,53.2,62.4,64.0,69.5
Mirzapur,39.0,41.2,46.5,51.0,55.0
